"formacion_bruta_capital","apertura","pbi_p_c","crecimiento_pbi","consumo_gobierno","inflacion"
11.4556283331357,46.7098945514103,527.834554499306,-2.35110067203466,22.1092193573017,6.9629462552564
15.2435765521019,67.5846651516385,378.06630312259,2.26694373649188,21.2145146604881,2.92366213121669
26.2596685681188,76.7873817898989,4283.98262744437,3.28317593330073,11.851016747215,2.72506918540461
25.1975808136514,59.5207118897718,4437.65346927974,-3.31375636888916,13.6673333207542,0.0410440719196288
24.0498939278465,82.4936825596994,5444.93000074979,3.93661689192599,12.0464694929138,6.0660520944985
41.5075397965874,49.8208161712587,4742.90075532529,1.49999999895587,18.8290421977276,4.93800729574315
39.0898216851072,40.3897565625388,4363.68533767783,-4.99999999908597,19.8031597171656,-4.7113839171413
32.8153081859397,43.682914195572,4660.40545687895,4.10000000005964,17.9279465789317,0.854841037314543
23.2423166653967,52.2568222278462,2911.60084214038,-0.147212941085755,12.9358193168237,22.6145140271114
26.4904004984611,65.9420289329872,2433.37637275564,-5.63821471714934,8.64793565020863,10.7631052824799
23.7790911131562,67.00179327992,2334.66104267184,1.07809951970673,5.17178248225276,17.6001393484509
15.1621987548244,25.2896011376779,13520.1129846159,2.81850297775918,17.6968939223042,26.0063792819079
14.282505371897,30.203698807416,11393.0505957877,-9.9004848136464,16.8730073837365,40.0830878011993
18.5700907686492,26.6405121334437,12933.2497342121,-1.61100162090189,16.3874689950096,135.368876310592
17.6483759985837,87.202376539837,3815.3747426037,7.50000000164144,12.3185519874739,2.15064189848613
17.7739212520107,69.4888075396076,4032.09043454955,-7.19999999920631,14.9686182373692,1.80659270159933
20.8720646766827,119.714642963872,5197.23509013575,8.29999999959539,14.146579323878,2.67300354889213
24.0704233766012,42.2037316765804,57750.6482221688,2.27959179820343,19.9482833661896,3.65318441813451
22.8121532268605,44.6644560654359,58132.798523626,-0.119590735829973,21.8946914788236,1.88550119010648
23.293397151251,49.2251840594381,61598.1776089916,3.44199220009025,21.3138550807727,6.51199894950456
23.8459451205616,105.556066755438,45056.6385912412,2.27224992038207,19.598940636538,0.975317906732371
25.134256704245,99.9482141095975,43428.6983137234,-6.31825509209936,21.1529340170726,2.59313253599376
24.9012402549934,116.813919411879,46338.9570588922,-0.954962529389121,20.4654125213615,6.64765359130317
23.8172078171339,90.4023156823216,5229.25259747579,0.153614646686151,11.3414124411056,16.226204566647
22.6664792823179,72.0178676487811,5087.50022691293,-4.19896079231232,16.2189420775689,-7.49363332447324
17.4006159423821,83.5358861156321,5668.61020477202,1.35447731755447,13.81500937233,-9.32261489254115
28.4555243468986,136.429239810394,23606.8867501313,4.95383534123657,15.8528821640076,4.61583421430929
29.0855253637305,135.460985012931,23586.9309581516,-5.9113629524152,16.5555429863148,-5.8288484641256
27.5133591159521,157.447854682297,25342.6226641572,3.87811614845566,14.6137011761089,-4.28437217979031
30.9468731155675,29.9997306724343,1373.75363740186,6.59024999794057,6.02233215987973,5.04759758203714
31.3079413414304,26.271447376215,1604.6659234742,3.44801755122445,5.97120729189186,3.84106338588026
30.9512000834944,30.9829714104596,1885.37733613545,5.77511237007889,5.66516962733289,6.89712404003441
26.1579866134837,133.367754723012,5964.89668930991,2.53218350023008,15.652843263526,8.62314740427041
25.3653466986551,118.934176146534,6251.98898903127,-0.67274295062424,16.9649774780792,11.8774650823508
22.555363377361,131.584674884961,6497.78450735958,4.12654007153881,17.8518963705848,8.04676215128896
23.5041514887444,166.904078237791,41619.328629169,1.47446761556785,23.1178023270709,1.98316343604859
24.0338724949105,156.950121282783,40769.0218072962,-4.7929839083518,24.3008045914304,1.59611667576401
24.4465011647884,168.961009401668,44722.1955283977,1.201691781997,23.7766450906713,4.5081215034371
15.3995499271941,97.6922737501655,5772.92692023491,-1.81285354051658,18.8192207562988,3.03291030935591
17.2797806985339,81.821964412463,5003.87784847193,-13.9029100645218,17.3287319186431,-0.652000223707887
20.5963936938553,106.531755710256,6212.26051785042,1.14901682065862,15.7460162707664,6.50970161380764
23.4384503972218,61.4765969588474,1032.90471194182,5.67156195150444,10.4789842865023,-0.367897725119164
25.2065173861299,44.8332333768726,1126.65404122154,3.84879240030133,11.3993621464496,2.87803228859791
34.1217773085656,44.6631308180211,1263.62158336368,6.3527773854442,9.5040595229118,3.38561739537163
54.264203381851,76.7884016850221,3211.80903275593,2.08684522733067,18.1851042374345,4.34963395866464
38.5705348289027,71.8303510394637,3092.12428399363,-10.2183974208569,22.3153543493509,5.28737431349467
44.5127343141777,81.564529851324,3488.84449072501,4.88259396253632,20.2925802198689,4.37406197211145
21.2683553463249,56.7046527566598,3160.16421228968,4.19520633360395,17.0216400266816,6.06139996218435
15.5721386707426,45.5032626166675,2949.81955038243,-8.7378843576993,19.7386344530618,-1.8543866829455
17.4650893677264,56.4582389783573,3226.08756009169,3.08196521047731,19.2863642827457,-0.505250417036535
21.6524032671789,96.6458791411189,5099.81613758953,3.24410095889466,20.1653336206043,1.77870702677497
22.1116678201234,82.1112652572898,5490.75367062899,-3.01509514759861,20.7503460226245,0.0621425496305932
23.0739959426831,99.6174933893972,6493.22233959649,1.99439520319464,19.1261838923948,7.29122677163825
24.1791764530728,81.9239513763494,6662.5764477869,4.11437856026637,28.8780859521463,-2.64993320543444
27.6308199386437,77.6634178431966,6254.24806377545,-8.72888241149465,36.1431463714153,4.37886680593209
25.6373629510322,68.8033578360816,7269.05170664457,3.20806812224438,29.2900715297286,1.73900386471155
14.5589865169328,24.3197343743057,8628.25308908043,1.32286905404399,20.1619046963757,3.67138450274919
16.5610215626482,32.3020785437939,8435.01143254978,-3.2767587964736,20.135153015057,6.47249962315726
16.410975108624,33.6662298301438,9288.02701470069,3.24165532906981,19.042610794419,5.15950107377019
18.3038127443279,129.634429048004,7898.70694583532,2.74592644707793,15.5845769435159,4.81312131224342
18.9787911416429,110.324081132354,8450.60388758371,-3.21573743445016,19.3076450675755,4.34103862385629
18.6923078106621,119.668120344213,9810.66890602451,1.88681483907177,18.4205974000082,7.98419924336682
20.8835008952792,59.2687802020168,669.276310328333,6.20348941121868,17.7393231525305,1.41629727998107
17.7568948377207,60.7397786403239,713.8421779224,2.01077262406221,19.7841401519952,6.46559578788029
17.1786329056318,64.8223211154384,744.165760639938,2.96018147384929,19.9750711747148,1.99804752407688
8.98405452767404,22.2402931011977,269.47688960656,0.500001262429279,25.086288811734,11.4491826066034
11.4459700001998,26.773329999595,255.078218433565,0.327156892638385,31.344300000757,5.9665023314011
13.0504473857888,29.7369723066251,253.44565118586,2.66553960418187,30.6534629756413,10.8749340609701
29.7794487571952,121.155451298689,1753.93530504662,8.07503915535979,5.24450335654665,2.07650709154852
30.6318860127836,122.105396346568,1908.63427518336,-3.55572193406549,5.42216584441989,-0.824281402832511
32.6793804081383,134.206842395931,2085.05748462072,5.00733043812642,6.07786090254716,1.01760752523781
19.2961406888504,39.1990216052629,1444.90682916573,3.54117654926007,11.6804244481323,1.02514116066253
18.1922991522213,33.7388313623871,1434.51913723409,0.259932915907115,12.2819316968054,0.705572037621721
19.1282442441639,37.2177281759971,1466.76885819356,3.24834497823876,10.5843152211004,4.65972285962381
22.6963325471202,65.1010608504649,44339.3886689254,3.03383491200222,20.7033313853187,2.57101464490069
23.1842365277416,61.1567709632763,42366.1285377884,-5.03823343468899,22.7011077555498,1.07081026105622
22.8530818287483,66.6323313370668,45048.2842408265,1.52874550838358,20.9054437744776,1.3572659269347
24.2380273309599,57.1435457117119,387.35795131742,4.52727821346231,14.0670343149476,6.44370628779525
18.2987700027516,49.5210200011921,398.834274122139,0.899999996857062,9.67704000219521,1.98216055627785
14.5948464881829,43.480570208358,397.467795727686,0.69996838992121,8.33527999694578,3.57480170924984
15.2004119098293,43.2900613852468,878.913785540893,-1.62799367083434,9.56813070886601,2.07315319337107
18.2437176613322,40.6428170621932,884.730874687626,-0.408894363255357,9.63713677698176,-1.17768160506618
14.8903061305335,46.9484531153786,929.941347591119,4.11745179201004,9.0248806892315,0.0997449105456667
22.2576646322298,56.0261589675707,13473.3458532934,1.35769537343957,14.6487131962187,4.82819188620873
22.5660080465409,58.1828635629748,12679.024004022,-6.14347479224092,16.0263618695537,9.66572269693961
24.2438038833976,60.7247236874408,14280.3475638842,0.521367977246825,15.299339236854,6.58777169908957
41.4184897995936,36.9508526159275,9221.51403820573,6.8912663621211,16.501760892272,4.14602237470578
41.8494114609444,34.0389507864018,10573.6420059282,2.34018843078414,17.6037978191606,0.53000081660457
40.4544347218594,36.1051923690574,12484.1578844175,5.41484330099675,17.1891419707315,-0.50570453916356
21.7227919184852,35.2829149424588,6309.67745292518,1.35936086788746,14.8806426275244,5.13373589963346
18.3620756136132,34.0555709680101,5891.95523215403,-7.18591413760859,17.15883586003,1.48172462037553
16.5149107450513,40.3881324933957,6828.59753791113,0.712380031974334,14.6540810646728,6.9523623210511
13.3232598136896,40.164358921352,1385.61417581045,5.59618952073011,10.823776632134,-1.29036312123183
10.9568842983038,33.7299346157491,1465.89782581729,4.00531793513311,10.5607884014024,-3.39647627676489
11.7309861994581,45.6837789235815,1505.25419206172,3.06466236855576,9.44262274290104,5.6441347664765
18.1777606896749,65.0719537437267,12468.5654531785,4.1576989627609,16.3581746477264,2.85888372788136
16.1681534980451,60.1398862509037,12242.2098908608,-4.27335432161462,17.7047320692258,0.772593246982353
16.1793973266249,72.4719990802549,14318.8389652286,5.11192183229137,14.8734934598622,-0.0879225971163464
19.4711341665721,97.2213314044204,13485.8816667037,3.28095812140658,21.7982075145139,1.23163897621677
22.3525503132592,89.5334538008947,13544.9715102628,-8.31164257884687,24.8798286623841,0.803359807884533
22.4576425827398,107.700919430599,17147.1660226623,3.30254488086325,21.2862761328474,11.7403306343319
20.7947375308198,148.013355558135,26105.5859375,5.75083236554525,15.0336429268327,1.02039376290533
20.8183845649063,160.66871645997,27391.591796875,-3.22063018637567,19.1966992582967,-1.20792435222243
21.4492321615046,193.268619207237,32340.841796875,2.76390975419605,18.6349778233809,3.81221826103813
23.7274064051355,147.750834854762,19257.6930680911,5.17356529967881,18.5098151426127,1.6836205033357
25.5353602874792,128.780430305965,19233.1469549829,-5.30487955463876,21.3198902324822,4.51623223406736
27.299709340177,132.956943913575,20251.7485519779,-0.0552618201120225,19.6584563317218,8.12594136636018
21.2303828701723,104.215676920442,55601.0145717787,3.05647723922718,24.4496622577768,1.10061874801856
22.1844244807288,104.433432671151,55934.5555945523,-1.78010601831291,24.6799875258246,2.82692168535247
22.5710527819709,127.768567480091,61295.9818625045,2.49518434516773,22.4815247693833,-3.78891799880031
26.1120682606879,305.967966403468,2596.45134698268,5.458091517212,21.7735536161827,0.562231530282162
30.0681931461676,225.744871323723,2773.40661780097,1.2021151728969,19.8438122308273,0.580719548070135
24.5282294129309,284.53692869882,3134.30076618172,7.37207148701995,17.0136706951834,2.39662979617457
20.9638452990699,50.7595355508472,7379.39978067137,3.93386176401576,10.667738860033,3.90748393888811
24.8098538977154,44.7331613466756,7395.8734262396,-7.92905234231061,12.0062907437446,5.45467337342448
28.9835484421124,49.8436131764417,8809.96335385949,2.19229848237939,11.2787393309517,5.7871768273554
21.4612286161457,43.6177233172817,6104.27253521751,5.97039880954841,15.2975347755569,0.932031656124835
17.9954424258669,43.9893109378389,5355.68934196443,-9.24509619165865,16.3225877996763,-1.82595653187617
19.8518103497966,56.9977535649091,6174.81822806637,1.98823813984235,13.5836201122079,2.28375927738441
16.0287823584352,74.3046511916519,3954.84014277572,2.24761908134138,16.1331092000982,0.986566456267596
17.4555067394454,66.4595069497083,3808.53195436409,-7.893101359867,19.6968523573714,0.653512318599752
21.9630270509134,81.7147723425988,4489.17787712717,3.5391566928735,19.0636599462278,2.59374849301966
13.9565530197219,102.428258251803,7259.10936454803,-5.66750850486686,23.6949369917015,12.7423831594725
7.55519736848281,77.9278846441807,5575.26241511492,-4.79108083383294,28.4349315814674,-10.1685457458373
9.3108984864249,61.443281519042,5118.21986148331,-5.08930872071532,26.2033825636043,-7.64752019845845
25.4039470690204,144.635650944133,19270.8141210511,5.63467248963991,18.8749816531166,3.74109847269489
31.1753648845812,137.392641283846,19946.945696898,-2.88380751483778,20.5086892203171,0.753338456718083
27.9270982440271,154.859244621649,20123.4227027316,-3.02303874520777,20.6435975574069,8.05478638343502
16.1922013374422,86.8600357143891,3584.61802626857,1.45679297569019,24.5321765504624,7.05080780958194
14.283990469391,84.3006119726657,3596.06416104047,-2.86288213677992,25.3208576586241,4.71206342947426
16.085828378181,100.093236371966,3771.33819773849,3.44447831200682,19.5448464737621,5.87569998323512
38.4439871569806,31.1036494929016,706.164227383539,9.56418965754014,15.4931325929715,6.67682221960871
30.5789686594943,24.0061143401794,799.47559527955,6.05953089054807,9.12947509940408,18.2545726775222
22.1694039604718,20.5982015072652,876.168528913325,6.59424599357075,6.31777188442684,32.9130722654676
19.2176918333741,97.0216625258442,5500.67840152348,5.35336455965106,19.2805271737474,1.69845757051993
18.3960366643005,72.3435757807252,4729.3813108251,-17.0386673704039,23.6332496837225,-1.48397965677574
18.5663200937432,126.179178353138,5736.82886448243,7.5242913513424,20.8034284512151,4.09957591317935
23.6891760789654,75.9387822310041,44862.220404205,3.30337003591039,22.9490979324095,0.836045933090816
24.6561782162302,72.1845955995888,44690.9801103074,-2.49103605535707,24.4205476612504,1.63841596860614
23.3618787163376,85.8773672749668,45353.4530466713,-0.946904862611035,25.6259577244833,3.47743748643397
21.4204336075644,65.3958481559711,37580.5979329356,2.08361485997399,23.7013842025535,0.586343157961707
22.4362308511816,58.8388907240647,35709.2045925926,-7.44064589948231,24.8398357365701,2.97797868174696
23.0930871306132,70.5595547931931,39117.4845032233,0.936487518850853,23.1235606057224,5.30357173576937
21.2964674161829,75.0687404456638,6840.05959347802,0.472642030911146,13.2317051644466,3.82030214446843
19.8634691073054,70.1140546463796,6534.27966529444,-1.8377610635094,13.1475545987828,-9.00986856167656
17.5342876977906,90.9932336284568,6541.69710787282,2.44588083096593,11.7938728337517,-6.86511608258311
25.1354716981132,102.584277697146,4442.50744127374,5.15990261658827,13.8912339138849,7.54674499838114
22.2328094559039,92.8910841752194,4659.60925318234,-6.2904717853839,14.6114698025668,6.84793338769904
21.4600701499044,107.151179161579,6180.6206023429,7.83220126555726,12.1485458625234,2.94809953907664
20.1460173936015,77.5666369468435,43520.1864273682,2.71602454639843,19.4595495195295,1.46798916726962
21.3494819719273,72.9932572283324,42362.6472083477,-4.09513751682526,21.7313211310231,1.75504599873261
21.4996834346741,82.7991064495705,44008.131158562,-0.266438401180253,21.2287274073897,6.14291652076442
18.8864252401077,70.5483652904116,1841.44636153249,8.12889488100956,6.9570521307014,10.6773082339139
17.6607471070578,66.5754987162431,1970.19411460398,0.513941670628171,7.83341015600264,9.36557496583738
9.65040605368826,64.3878615281647,2091.8133564595,3.14009099763754,5.49933849254746,40.1057981965589
12.0492834143889,70.8826066741577,18352.0884461258,1.47312472702352,20.4384126534599,0.2036135315862
12.2998658740322,70.2937864486395,17486.951333323,-9.19623149726978,22.7274940590434,-0.363959702932064
15.1654549262849,92.1562900262242,21139.1917042145,2.33212444945818,19.2868439733478,5.87456208154305
13.6094293363876,46.0694205080637,3972.74046241476,3.07985127147485,10.5728229818016,1.74791454577823
13.7024604770989,41.1407616494521,4005.83899362197,-1.78555194467604,11.4719704888172,2.87232203437225
16.3409851547452,48.2970689182759,4470.70711139938,3.53315670086947,11.2417421320949,6.54005195361913
17.9786140989487,56.9137475938811,677.466131311367,4.66367943913264,16.7287795836931,10.528296464536
25.677012504102,43.4304481311735,706.600783420096,2.12811490126288,19.7057479459584,1.9334399324789
21.5617837804799,41.6110643520817,766.829225369396,4.46369936133392,16.0903815426069,5.17485131385651
25.7658241420525,101.251633768429,867.907502577607,10.3000053427355,15.2760215806747,10.3565072127234
16.5753868932617,115.765259518929,945.570903389665,4.70459096113575,17.4132237183255,4.24998016732003
24.5016113588117,95.829526758227,1016.88094800324,5.54172668627702,13.491592156736,6.09250536857687
16.876979845919,42.0745477868911,1432.67228609541,2.51027134544685,7.89768746069131,13.7798773975934
17.70308377994,37.4138801252638,1331.69778506932,-3.30550546965893,7.31205557129014,18.6851861283427
13.8536836673602,30.7854236995359,1219.11871645847,-1.86388420254838,6.2167919005445,31.5119631448975
23.532148331901,101.813111079622,2383.37398439714,4.84291391050387,13.4984164607115,4.5128429763521
18.2840692088973,88.0008563836292,2189.43168668222,-8.96508223267296,15.6611069089394,3.40198228348704
23.75620763328,98.7919798336365,2527.27366333188,3.57584760454412,14.9293299388294,6.04752279899292
22.3175179109155,165.032855840268,13734.2442804335,4.12418389451805,20.1614178223679,4.03729273738615
26.5126578421967,154.295498794188,14664.2971195385,-4.33872540024058,21.1998844610097,6.42661364413084
25.5923811381969,157.10677596052,16389.3914509189,-0.842528840639091,19.8791941756231,15.2103167237835
21.7725010047987,86.9789469759093,56501.4576670531,4.19494878934674,23.6772641856698,0.936992894826489
21.2182908692427,67.9750756256744,52641.7234922236,-6.94045306829003,28.0705864394643,4.01588809007708
24.8242573221483,86.7298838954652,59307.182202664,5.64646181923563,25.3168862077389,5.78751518746952
28.1778136155632,40.7424969545225,1788.69770318446,6.79538341897911,10.7671989547856,3.96925793352338
27.3243213738562,37.7581053292768,1806.50110583878,-5.77772470686801,11.6124524106018,4.81485791893405
30.4260455714275,44.9928422877561,2270.9051808027,9.19075493028345,10.3054222433801,2.59194954513768
32.1606388642645,39.3554970704606,3553.51999262321,5.06978590134916,9.12057115207813,4.29267812199525
31.7097564518015,32.9721754002427,3739.44906563161,-2.06551182934165,9.65575053126545,-0.401651435218994
29.152666728683,41.3362868707652,4192.65167890692,5.04902331835997,7.45486118997106,1.53013198443368
14.5851497612895,59.7809123923157,4736.32710809857,-1.81975035118309,16.3052516699702,14.6503597888451
7.76907557357365,57.742316395146,4213.99843766061,-12.0367930931152,22.5089088159129,-11.2201963874294
15.2798397204564,69.4613207990167,4337.08705324182,0.517705525131191,17.527542508163,-15.5347237850081
32.4589409998052,225.953602553095,69777.9773596176,10.0496284821662,11.9231267822528,1.49993727186828
41.3354481760361,250.10845231469,80908.7924330406,7.1578988000836,12.6067388132502,-1.92433936175075
23.1847642480945,237.215881337618,91647.7687003945,-5.5300073886596,12.1690950536608,3.62187156697593
22.2172081449299,56.2801142540924,37963.0491190696,4.3469311670646,22.0647725999189,0.00655181696347995
22.7316271985904,51.2366737920366,37935.5432717179,-2.02161548237589,23.3727199721885,1.05710682132421
24.3607256502322,57.9903207136983,42011.6213954855,1.82652049482384,22.3099973815371,4.54962642927481
17.5794629155864,57.5829940274911,31635.52277108,1.60369995294101,18.7448158290116,0.709821715080693
18.2018164062184,53.9394839042764,29469.7989238626,-8.86822122185345,20.5680570300128,1.57740278796771
22.5173619093643,65.6408634740709,34146.0232257736,0.715372500867531,17.7580827535083,5.91461605792436
22.13348108864,83.523172517513,5159.34335938187,0.997123062335191,13.3827785913115,6.54982735214614
25.0073498435107,34.4232135721686,35861.9728545672,1.67533175173359,19.4117955495929,-0.0743495037964408
25.4716981132075,31.335208636773,34642.9718743239,-4.16876457146743,20.9756766472836,0.933912186858549
20.1475936480175,89.7316005071358,3940.70199181145,2.47359815449045,16.9453719425362,1.78355010971296
18.8898334342768,66.0599488089059,3806.87949354914,-1.10275188309046,16.549956438323,-0.708587970279524
21.6975410616293,56.825387935971,10404.2718646317,4.10000000257358,10.5359417828743,11.211105653729
24.7185824193274,57.0264423660931,10565.0359816235,-2.49999999628,12.742044005777,4.21085829258907
26.5183747561731,61.9623843329588,11453.395272565,5.09999999999999,11.1466441521173,9.52224688247536
19.895722184842,35.9950578754074,1542.33773973372,3.83795817364721,12.3350790178839,7.58193402820181
19.3215816602225,27.2378155252369,1609.33414078281,-0.272766327438816,12.4776599686236,4.94885283291357
17.2309247997492,32.0920792814469,1808.40479129677,5.55587301319866,11.9151175810981,6.10780209189015
25.4576272468706,100.561246964827,1769.51178893032,3.74911782642376,57.0528980680463,0.917062173665101
14.6026789535543,76.7089561131334,1777.04492498977,-1.46806718078108,54.5251898171266,4.36703115653447
27.0085390832752,97.8400465627886,27048.3707374372,-4.71222270116762,24.4212698186636,16.2308752030311
20.0006433871007,82.01074583049,25541.4107576862,-4.81778982257279,30.1779383382218,-16.458362953587
21.5265612714824,128.714003328884,14382.8612727134,3.39894872623931,18.6703159549355,2.70923995206107
23.0296116182607,123.88319804656,14900.7295718866,-3.46922750780554,20.8896933172828,2.39332693904262
24.6810520361847,136.632034970681,16890.6283099707,2.85421800106587,20.2100836601062,6.03923850637449
21.3940568907692,68.4554292593276,8305.57405425721,0.903028464073813,13.2087179804347,2.7485363221939
8.09817614190237,50.1298042879627,6440.82843092922,-21.3998996914321,9.13975488671309,85.5420423400206
27.3872272220396,146.366771329494,1097.82166812752,-3.13817493733471,39.6805700890466,2.01891023820184
24.3115948033679,141.096604645578,944.834118658555,-8.15595879914267,37.1352942145085,6.54820559883913
28.346005688677,141.513755535108,974.382482849023,1.82662525852363,35.5840480176997,-0.368097835928623
16.1831475534531,47.5489661921214,9435.60060040046,32.4918021862688,40.2666940155162,1.80666382178316
9.44982817182817,50.9757934373319,6102.79864032512,-29.4552967282824,48.3378160301237,-4.75412381683802
16.4803548589226,155.655201664179,7633.45142779936,10.1558181770326,35.2836291258915,-5.34146995735976
20.1373563967598,144.918393101325,15695.9993288456,4.61224310312809,16.2993641257124,4.09579153130848
21.4337157753964,135.796565563519,17443.65526328,0.0428158336981426,18.3605454231444,2.03874418596244
23.6831218098614,149.041909014608,18685.5523679178,0.342262716277261,17.2754834531022,9.0217556386887
17.8113229941338,353.793991980303,107142.126672598,1.31718713754285,16.2193608860725,2.14290452657747
17.1751509447995,375.581396376432,105274.2471768,-0.510051634039826,18.4796236594474,3.86906326889533
16.0946624810804,404.458334911166,104590.079769081,-0.693632727692318,18.5953020819275,6.29005505455038
18.1394239939119,65.3434015072915,456.851859574031,3.93330759462793,16.1225669832662,4.96153975601543
19.5281573240945,49.0107073664371,422.924255422319,-7.13767162064489,18.7239712521771,4.31114513583488
19.8531858511876,61.1330416885787,445.834551909615,4.20304615803977,15.6489428227357,7.46514940472542
25.062965299807,133.155173371956,10293.7629205362,5.81272240983328,12.1925918694431,3.77896094306453
20.9140162759915,116.788182437638,10171.4657842762,-5.45684658426701,12.9622736088155,-0.818007729183023
19.2403462149003,132.064307278667,11429.5894122241,3.55548715410509,11.9492696304762,-1.87225562537837
41.1665758323434,141.912110574952,10263.299119384,7.07442871706306,14.5356776556599,2.12460915366097
38.8176225499697,114.361902904327,7295.60221324907,-32.9088287284425,22.9707228266051,-3.36532468398728
34.9582566076375,150.03236994908,11415.939508912,4.72639195043021,17.1190170144798,1.88425401280709
24.1702422585387,49.4919984941972,878.561348378099,5.37554769647939,13.3118876209049,1.67388511022737
22.1879463835306,56.0415474422019,872.389721102137,-1.16907500952713,12.3189809600663,0.473279685131288
21.6867621830725,57.6543000639914,890.613872535228,4.71716103989503,13.0596177852379,2.1918487834367
18.6977591119806,213.047878484397,28546.7780455971,12.972119343498,15.8235739470646,2.13502563545586
20.7009956184046,256.402967044059,27890.3651055057,-3.35834253154739,19.6854361217616,1.86421393908336
18.9299930502375,232.46676505021,32816.3252635461,6.79631311118804,16.6980173922952,5.27725464427249
22.9830603649977,125.145250350959,4190.93468589482,3.55815188528943,55.7505849321479,2.25841782928005
20.4705541770058,107.825971877585,5172.57528216176,-2.77288732394366,61.3466501240695,6.78233643895216
20.2010412649441,110.172232934825,5470.42006850903,-3.93487109905021,53.5040107983031,6.51974948608529
30.2739569009753,78.8149801833884,1576.06857825162,6.27054566937677,13.381255831285,1.58393834945385
24.7092140405357,86.7761681322741,1553.30615586591,-0.360657384151068,12.2964872619914,6.4408732898183
23.4609130577968,91.4705715873539,1630.27171808744,6.50718719858594,17.1723715626544,3.37147741701096
16.8104368937172,99.7018151211455,10247.6960577758,3.93798380632353,14.4507582566547,1.63650567594517
17.1353208249977,83.2396173536449,9362.87435896817,-14.5465381490166,17.5684044965848,2.57304044505899
20.2227089149363,105.103380425553,11093.7519139967,5.00781381755621,14.3289750314105,6.58941111022855
23.2255397759544,76.9521260407254,10193.7727202899,1.87172854186539,11.2156675514112,6.56759492062908
20.1075280610817,76.8545556992201,9234.64362409252,-8.35403456576364,12.1968302771767,4.61979012344409
23.9310166728338,73.7695331207325,10253.5262648956,3.2953909570288,11.1011755462719,4.48311577788125
22.4256047290186,88.6233902754378,3085.33305844263,4.17561205106279,14.7555707903283,6.25246649143298
24.9383609100281,79.265722119158,3188.91691602699,-8.27597831976949,17.1942044345322,5.57500940096507
19.4365139692195,93.9946211488052,3760.70006337895,1.2,17.9303159195662,9.2778242250748
22.3489597718333,115.932901867963,3956.2049437134,5.63687638694772,13.9288663463462,10.8004464117482
23.5781782369194,112.838647629317,4066.03410882791,-4.55775197583431,15.8102434127387,3.70672176955705
25.3256810049806,142.864246599181,4456.53627552726,7.4221127615025,13.0063852760592,21.7690280161027
26.9220400312531,105.554964991437,6982.94131741672,4.71646527572034,18.4262673202312,3.82497232809919
27.8598072942811,87.0060180817206,6460.59163175748,-15.3068937570407,22.6016968367143,-0.175605916816622
19.6277364558494,118.542754014976,8304.2554082997,6.33769754243548,17.9038042740732,10.5429703323513
28.135469298761,74.1733578786573,3242.64428710938,5.05789816173446,17.9819739836974,-0.0608910142931904
26.2256860657523,68.8438033904364,3090.89428710938,-7.17820744246774,19.4049859563358,0.142417962079094
25.4186603688229,93.7914030606318,3403.31982421875,3.40334130078834,18.1062323778597,6.36094888191869
17.9309679447275,81.2196661011436,4476.73324402105,-1.02724808856709,25.6039125172173,9.91903698902131
13.665387319624,76.9252424036465,3787.49943973286,-8.10140201443319,26.4760046729225,4.63153061468802
26.0973765347294,110.770713961698,3977.97779975114,4.44280603819576,21.7553488333992,6.59887817758647
30.5754363978224,44.6424106224996,951.857298563641,8.97727935643466,8.51853832194441,8.26141254915089
30.4692205221287,40.9188741243442,1031.53618783934,-2.3696206292072,9.0677320720387,3.21740233241114
24.5903604521329,41.5701502933145,1136.42769313825,1.98254843628392,6.62485343600964,5.74902859335131
19.7582508613445,159.646059656847,47670.1057253297,2.78154619309936,23.9046907483542,1.43932706656167
21.2739585259834,152.233230409706,47086.5804192702,-3.86795333823223,25.419278032195,2.35573022306261
20.0959348969042,165.905457011481,51305.6282773372,0.0745608349011775,24.5031139969221,7.34374256326598
22.9685609809744,54.1432970416804,39722.6068434219,3.37873219470765,17.904225778071,3.61462378170478
23.2335070501425,43.9772422862431,39646.3466853422,-0.307246896026541,20.4371940676521,1.91744603593378
26.7613567520877,96.3805864351182,2209.63273423213,4.63120757580209,14.4104462520195,4.12384905939905
17.9549307712935,88.6381231228968,1950.19181218473,-2.23654176262323,15.0817033768448,6.28533991128614
21.4498150899851,105.003097611103,2241.12235476653,4.42774384760374,12.8951938413098,10.781773656599
25.7950329752951,39.0711117370149,501.615305462902,5.00536078615544,15.4619253267481,0.368276728970102
28.3266350401009,35.5129906570841,533.194328910254,3.55064109436891,15.7621549642209,1.16297974177712
21.2647169976858,46.4755580630668,557.572652727864,1.66763406484279,13.4392076221623,3.48830909519184
22.4909643329785,124.13728389629,5510.81862920922,1.08177273813243,14.920741749797,2.80702703539038
21.5912622519723,128.241244322257,5743.72649424581,-4.68845000956652,16.7387341620846,1.37428071825137
24.7427572677964,148.671761949798,6393.77346589147,2.07254208845117,14.9243672391341,7.76656608250489
24.3563320185983,69.1087817621061,76247.4116445341,2.46374626574153,23.8057622649674,4.08094936089482
27.4365570585644,65.3539790413323,75287.2059527598,-1.27817177234034,26.1340574738378,-2.51726060256269
21.6527928031412,80.3638456401269,78775.8494196261,0.0721204806030329,22.0477897050686,-11.0768034229592
33.3216466062388,88.9531480182956,18277.945563615,0.304057565922449,24.5282958178672,7.29794329780007
31.5744572963491,91.8758908014472,17743.8858800477,-3.37972052697999,26.0658781931806,-10.7835605977296
24.3495943944652,105.916707804376,17814.0223918279,1.18713489558853,19.0557237903671,-4.73311882118645
14.6228910849517,25.472035002344,1495.26187528032,4.43262590683975,10.7537396161104,4.02974599325579
13.1055399943358,26.7162807328814,1526.00597486307,-1.27408744338709,11.7888005549132,9.9444982105729
12.3139825358492,28.6025773980658,1616.39670074066,-0.0398389716673506,10.3075643795423,25.9899711408111
33.3330182072829,127.92324929972,15076.816457849,-3.26001845520757,31.6743347338936,-1.03884913164372
42.7049146147276,107.241569970825,14232.2419350844,-5.99943392532354,40.6324471757298,-2.27746864749855
39.3362734959631,84.0475372402933,15045.5456426827,5.7440594635578,10.9010526117332,1.7946937582834
23.6652206907006,68.700423510603,12647.082664124,-17.8212299695008,14.7376302528259,-0.494685753745316
32.2790185775176,89.5330683837851,16872.8834654731,7.39930155626219,12.1878162458929,1.70673831397947
19.1922400182425,71.0801344038377,6243.13363139058,4.81007885554041,11.1076787786728,2.15920929174615
19.882431642243,62.7602174748561,6109.19608100615,-0.819785390971916,12.6444728382528,2.20392146778615
20.6420379522628,82.4052107741817,6449.23028812992,4.99922791130152,12.1267410499962,2.17499450130833
20.607596923788,47.5135503619971,6457.41940254721,2.51883544233135,13.2122751962604,3.61565826105974
19.9414702059197,44.245967197744,5831.83024758521,-10.9333065010382,15.8181030380089,3.71917119669504
21.1939202378916,50.7851842068664,6568.0002779793,-0.403242151494268,13.5642010031547,6.3353956438818
25.6429281897957,68.1683697426727,3247.4503878362,6.9309883258402,11.3233663056554,2.32025994608939
21.3022620640381,58.1695603022281,3198.66690008413,-9.51829474045297,15.2614545873485,1.65049018681367
23.6345055805271,67.4199693173966,3744.69763802928,5.51894967862863,14.2212747884667,4.60143307078241
17.4740439375091,100.56589524628,13695.6452848724,5.15245773325907,17.5668407420539,1.77020284945432
18.3974922436708,99.2590912303436,15090.2228440113,-2.03556882399977,18.8371621590167,4.23859434856777
17.9012869831235,110.024935041815,17410.3830137066,0.249610834017872,18.9482308008084,9.86569270234997
17.085659362742,84.8077923069539,20364.1963666527,3.31472056420827,17.2232442375481,1.53220042451687
19.4962993707914,76.5086407209215,19778.7138519007,-8.20463201239903,18.9224290644649,2.10314336719686
20.0735702589053,93.8637906963574,22311.3052246654,2.61312854351023,16.842900557802,7.0271539680901
22.8776875524148,87.1560645667801,10106.2269557253,8.19547826641261,15.6975535819589,4.65130664700149
23.3304918507289,77.923643460062,10916.3126056493,-3.67438440910189,18.9067914550591,4.11051645013276
26.9786058929771,83.0900673956751,12399.0008278388,2.40427177912809,17.1387500825775,12.7699377919606
22.7136711423585,53.6752674177253,771.069238049151,3.91817093628465,15.0074832365581,8.16262594714252
25.3305724303759,55.1879515519855,826.391308275017,-3.37368746369782,16.383453875618,6.71183680148918
26.6636127849857,64.9069041420041,1004.33216719782,8.24990302014558,16.2989613675996,11.9488360924784
31.1668539014097,74.0110807608335,4393.37316255965,1.40628239971301,12.1192930081473,0.304905422515247
32.5787194868204,77.4835999958193,4283.07280337978,-3.10844401053139,14.6431224712105,1.22360923994052
34.5198609186843,90.6574805627022,4026.10094270386,9.20864923964689,18.1532993947358,8.08917302447858
20.3554772829686,313.85032377067,43057.7784775102,0.258265466328055,19.867108852768,1.74335584048487
18.9617274954335,304.903167579063,40506.8521137898,-6.64791081780602,21.6198092800334,0.344576815256119
24.1906100840796,59.5319791578229,23035.1199977707,1.18207993308526,23.3805006784788,6.28579241881965
24.4412058127305,47.533159225048,22827.671935548,-3.80476473038999,27.3711142062152,-10.1884944657451
27.8831921276095,54.1690118283683,25634.8237547841,0.542592439393161,20.9337084424946,-2.18444626235993
25.8256617810862,57.7052798455617,1312.10932776049,7.4074861863013,13.6339715657972,0.598916826886537
30.4531772551564,60.0468716137065,1361.79143748646,1.3420737726679,14.2802395565824,1.60273383045899
35.3851662555736,71.3942870327216,1458.96642332589,4.2574308328029,15.8069141188045,3.05250609372929
17.7771152801229,102.740445166934,6200.26060347164,2.36339378690924,17.5131315634351,2.99735460836095
21.4496502483732,100.324460810129,6850.96677811138,-0.950023991851594,19.3837021106122,2.6493593974983
23.3729462507465,114.493948658228,8210.55401378745,3.84747112784942,17.1270596804627,13.8402321392915
24.5351766928824,197.442236417869,17921.5731976918,6.95416218794271,21.5958431981451,2.33249048759716
21.3213198960022,153.48333156592,17048.361729788,-11.7398608281732,26.3767644643015,5.23042858538314
20.5743415497622,180.82726250166,16242.4365925219,2.25925322283285,24.3504350833088,4.08934911219852
18.8979192279547,41.5213782343591,1010.54694071207,3.20786087715987,7.11636200315235,7.49880792881387
15.5016359389335,30.5875766269584,1010.25294614757,-1.2533490322766,7.75024160553093,13.3213363418963
19.8142149232367,55.8696881550025,1113.86837500697,5.7100218981806,5.50386023112512,29.117773087124
25.2084180122047,316.794409287568,59485.3015873921,4.47689915845876,10.1720211105612,2.86328612395911
20.9935137666401,332.040805481913,59189.70385743,-3.81470885510713,12.2619659464446,-2.39290245566239
22.3944746293397,325.69322405378,66167.3596303607,1.82140694115385,9.9992117137858,-5.0186426400397
18.4937257477793,158.70213584467,22397.7634988337,5.17440215579958,18.6197208157994,1.28763102357318
19.0238928131055,147.549008584942,22811.8050540778,-4.08500094942896,20.7447344651164,1.18953318282115
21.3353082963725,160.098444691588,25708.8692594475,2.11259098460627,19.2268565742722,10.0501066773753
18.13366917397,82.1975709060796,2075.36230008714,3.07534803424636,25.979918570147,2.5766856785921
18.8095426805104,60.2203376396925,1930.64258596415,-3.3811475409836,25.1216612506935,-1.32591732051718
16.3988051798909,53.5359318293741,6125.6920507497,1.15794695181735,19.2360771279531,5.47332197481477
13.7983605384555,50.7596590804177,5569.58483319272,-6.1689177146757,20.6203398698938,5.3913943350576
14.9347138823163,65.1800955490051,5747.41965026414,0.698485193724835,19.3495643944684,4.80427142694981
18.9061933772299,66.167446137857,27426.281015093,2.89604207865007,18.5432948383965,1.25794431812474
20.6159328524088,59.4461280147076,25077.019882928,-10.9400706350371,21.8157054375876,1.13391454164042
19.709889182847,72.1917288917484,28569.8436387056,2.6756634629066,19.4635472701498,6.23528006974459
31.6001879090711,47.1404098004644,4436.00789945768,6.46068127065753,7.85322795456497,5.47284529625102
25.56406175833,37.089118857292,4227.23315306594,-4.62451503749502,10.3979083372906,3.10430535364954
17.8405226610902,43.5362302960951,3964.91987394354,-2.3298481898334,6.77749233444335,16.6674742441681
10.7686344431485,17.8313898297102,1261.87353515625,0.70925628476644,6.42960097705768,34.6223707315316
5.78653523341068,9.95514507626151,1056.86474609375,-3.62980082410752,14.44544106941,115.65291501439
24.5654123027153,85.9212504203118,51985.9324672002,1.8251560179849,26.2619555666305,2.22655133550273
24.5218561005446,84.3307817719974,51715.7810359674,-2.0053375219518,26.5311658405992,1.79366290628502
25.0107249623842,106.740878308822,54557.129996126,-0.114161935397789,26.0248999419363,6.03613421896053
27.1488889098075,123.621807421715,84967.5886498224,1.36279965488859,11.5093914812255,-0.367869167376838
26.9939096017202,121.785978141921,84637.0132935333,-2.14173712008038,12.1264545910032,-0.699187710432241
25.8242433719251,135.32000224909,90084.8341661309,0.683328174376044,11.2574218352381,0.896277329147281
31.245780585806,53.7861046057767,1042.26391757642,7.10000041864309,11.3864820445011,9.80546714084267
27.5736883667249,55.7491040194954,1171.90127480359,4.40000111553493,11.5680045927562,1.65596010469615
28.3003294116229,65.6347010367354,1407.1075436221,8.29999921651935,10.6621971920935,3.74356638768386
35.1589886009781,33.1125919853124,1001.88745117188,6.76227716834148,8.50343167431648,2.63812393333545
40.5342442670396,27.9630151969884,1041.25964355469,1.99196460647855,7.69958423897104,6.42301399038681
42.726818190292,38.212034806339,1092.86413574219,5.06952353203394,8.75962998482192,2.74821189393757
23.1083649306357,120.891427433638,6076.74307700082,4.1776810321001,16.2984037874409,1.8999449899777
23.212428656105,97.8007432465178,6035.18627737077,-6.05003846851622,17.7948874074302,-1.29877505741581
22.9312009556512,128.824114152375,6408.41432577294,2.01775095328327,16.6164810176384,1.27492169842496
16.9689126156003,57.6019844158645,774.276909071917,4.00813326162304,13.9788077327509,-0.88495153357762
21.3309073834957,55.5485385608639,806.956490395231,1.99215501870344,13.225730719568,1.93311361980237
22.9544796791665,61.4273567726824,896.874686928368,6.40792215636242,12.5811386281887,2.59456529883668
25.8549017131768,88.0434925855836,4568.62484962494,3.20231976224244,20.0801070506833,5.57528435727959
23.3077986438709,83.4579923473471,4656.93187493267,1.78339589901164,22.4936141495757,0.438444047617239
27.2542361076779,94.137150443189,4710.34865662378,2.08415583636545,29.1295690088003,-0.0224814076680673
20.0457791523505,95.8088058699264,4062.22677519573,2.23783867965943,19.1243144155316,4.71388569389377
15.8591355298359,84.3382668589088,3749.26722435797,-9.01193412390238,21.635603056348,6.80569317573834
15.7261881144138,112.914872312811,3958.56222854122,0.0391565674939329,19.4468213301164,7.27160228165806
40.8398999563062,53.5753567069955,6222.55590558882,6.50000004682975,15.1866779165599,-1.54244268478659
22.3554061722467,35.9365938526967,6965.11226889286,5.900000048526,12.174441735313,-4.34974180757671
18.318481062766,34.0992738017257,7880.44528570939,6.30015758549871,12.7079042982832,-3.2837127112537
24.052422886294,36.8370529334101,871.093880017151,3.13140551723596,8.00943502980076,4.64905081962502
23.5178704044069,37.0006923916369,917.0350317644,2.95130642218098,9.51141446504173,2.72148444149991
22.084367974066,33.3416963302219,955.745797275462,5.33697295511469,9.56616058785446,6.74801516641013
15.7762894271386,104.034982911399,2217.7529296875,2.35997228099491,20.6834635537649,22.0983174978017
13.3659764293256,79.1564523761815,2324.107421875,-3.75281793983162,19.2950967142315,10.2949601378763
19.887850879026,77.5096141935657,2164.26123046875,5.53473354745886,41.8556928744753,19.8744638547436
18.2480328761545,63.1216500310687,46439.8616757792,2.65650487566202,18.6593209449109,1.85511702317338
17.5110744735168,58.7811375973028,42429.1857996453,-10.296918859171,22.6109420267119,4.96982050842443
17.6321055184357,65.0323382579942,47251.4387159432,0.39708234553963,20.5473252470783,6.88853758661627
20.9891678107732,27.1253382222874,58435.9707521832,2.45762230175086,13.8471337748498,1.79080328635395
21.5877368777572,23.0797778694073,59484.0335530935,-2.16302913866512,14.8957448696632,1.32883273821456
21.3906217189467,24.8993631439946,65505.2557007675,2.88755600905984,13.4338338893136,3.59839135378085
22.9671633501313,42.5595081895289,2995.76761437743,4.39527463349263,11.2974060135322,33.6793703838878
34.544998301372,56.0515308349971,3249.05191094018,1.56334277260515,14.6422818278123,10.6103382243624
32.4291992653023,66.1051443040372,3725.67414578619,6.29141635082311,14.4844754028703,13.823039902276
27.1438658614984,105.526573713997,2946.96186165079,4.41266598569969,17.436529766986,4.15810575892219
32.7097370602979,69.9148948336494,2771.87098808052,-4.99249142889525,23.4063033098571,2.78534184329737
30.5447649065873,160.98008365887,2868.13680013379,6.94019037359206,10.1349272840895,4.36292014766431
30.2778176424342,163.245862814935,3303.16949807493,2.86541320912272,9.47881328344632,1.46747814810814
30.1077352983759,164.818071269894,3775.46375555802,5.06502391455075,8.84756445434067,2.09339091583757
38.8072565095918,71.5856946542566,1308.76829240086,3.52586277149926,13.7207952422721,10.0728370854916
29.8228506521771,79.2068494095955,1228.73500113195,-2.78505506545167,14.6896417176015,13.9138706178858
26.4374095105745,78.2418870451485,1330.85998216751,5.36794285493059,13.312782708599,7.09462960303757
11.3993419178061,55.028317831061,1422.1934603003,4.7344112255433,11.6514896623328,197.454659077932
10.0460728775315,47.3133820116249,1230.19155671068,-7.81693284075131,8.86785549176631,604.945608779248
12.1978502625254,50.7949638787374,1417.55775908425,5.33677037339527,15.0892334278599,921.535255534972
