paises;fecha;deficit_millones;deficit_pbi;deuda_millones;deuda_pbi;deuda_per_capita
Spain;2023;-56.966;-3,34;1.702.142;105,2;35.003
Germany;2023;-113.835;-2,5;2.846.831;62,3;34.112
United Kingdom;2023;-204.095;-6,05;3.383.060;100,35;49.558
France;2023;-166.511;-5,4;3.355.648;109,8;49.011
Italy;2023;-166.871;-7,2;3.103.756;133,9;52.632
Portugal;2023;3.511;1,3;283.211;96,9;26.618
United States;2023;-2.168.838;-7,8;33.328.069;119,84;98.892
Japan;2023;-95.053;-2,26;10.110.360;240,46;81.219
China;2023;-1.225.574;-6,71;14.984.180;82,01;10.630
Andorra;2023;81;2,15;1.343;35,47;15.782
United Arab Emirates;2023;30.403;5,82;166.763;31,91;15.616
Afghanistan;2023;-235;-1,37;1.424;8,26;34
Antigua and Barbuda;2023;-34;-1,7;1.531;76,33;15.011
Albania;2023;-312;-1,32;13.701;57,98;5.730
Armenia;2023;-488;-2,02;12.202;50,45;4.079
Angola;2023;-2.058;-1,83;81.449;72,41;2.216
Argentina;2023;-34.583;-5,33;1.003.196;154,6;22.030
Austria;2023;-13.409;-2,6;401.829;77,8;43.874
Australia;2023;-22.086;-1,27;863.870;49,58;32.050
Azerbaijan;2023;5.737;7,92;15.794;21,81;1.551
Bosnia and Herzegovina;2023;-461;-1,67;8.001;28,98;2.342
Barbados;2023;-116;-1,69;7.625;111,48;27.005
Bangladesh;2023;-20.357;-4,51;177.316;39,27;1.041
Belgium;2023;-26.413;-4;665.791;102,4;56.341
Burkina Faso;2023;-1.390;-6,91;11.429;56,82;496
Bulgaria;2023;-3.107;-2;23.443;22,9;3.637
Bahrain;2023;-4.468;-9,68;56.828;123,02;36.035
Burundi;2023;-330;-7,7;2.491;58,06;182
Benin;2023;-813;-4,13;10.805;54,9;766
Brunei;2023;-1.639;-10,86;352;2,33;781
Bolivia;2023;-4.976;-10,95;41.271;90,78;3.402
Brazil;2023;-168.990;-7,71;1.840.567;84;8.694
Bahamas;2023;-533;-3,81;11.427;81,68;28.608
Bhutan;2023;-137;-4,7;3.374;115,44;4.299
Botswana;2023;-812;-4,19;4.363;22,51;1.759
Belarus;2023;545;0,76;29.237;40,72;3.186
Belize;2023;-74;-2,42;2.060;67,5;5.098
Canada;2023;1.564;0,07;2.340.920;107,71;58.451
Democratic Republic of the Congo;2023;-1.115;-1,65;18.191;26,98;182
Central African Republic;2023;-93;-3,44;1.514;55,64;299
Republic of Congo;2023;823;5,81;14.581;102,91;2.376
Switzerland;2023;1.095;0,4;346.130;38,68;38.621
Côte d'Ivoire;2023;-4.136;-5,19;45.810;57,53;1.470
Chile;2023;-7.632;-2,27;132.288;39,42;6.729
Cameroon;2023;-313;-0,64;21.267;43,15;750
Colombia;2023;-10.708;-2,92;203.133;55,46;3.890
Costa Rica;2023;-2.813;-3,25;52.874;61,12;10.018
Cape Verde;2023;-7;-0,28;2.939;117,52;5.774
Cyprus;2023;575;1,7;24.959;71,1;25.827
Czechia;2023;-12.887;-3,7;145.692;42,2;13.366
Djibouti;2023;-135;-3,46;1.388;35,44;1.348
Denmark;2023;13.880;3,4;136.736;33;22.938
Dominica;2023;-30;-4,52;675;99,92;10.145
Dominican Republic;2023;-3.963;-3,28;73.094;60,51;6.825
Algeria;2023;-13.684;-5,52;118.226;47,66;2.572
Ecuador;2023;-4.217;-3,48;65.821;54,33;3.661
Estonia;2023;-1.297;-2,7;8.337;20,2;6.065
Egypt;2023;-22.717;-5,77;377.797;95,93;3.591
Eritrea;2020;-92;-4,36;3.794;179,66;1.153
Ethiopia;2023;-4.153;-2,6;61.887;38,74;481
Finland;2023;-8.808;-2,9;228.796;77,1;40.828
Fiji;2023;-374;-7,19;4.333;83,3;4.688
Federated States of Micronesia;2021;17;4,44;66;16,96;688
Gabon;2023;360;1,79;14.159;70,59;5.698
Grenade;2022;11;0,93;970;79,27;8.512
Georgia;2023;-717;-2,33;11.980;38,92;3.242
Ghana;2023;-2.711;-3,37;63.706;79,09;1.885
Gambia;2023;-83;-3,69;1.801;80,24;681
Guinea;2023;-852;-3,86;8.914;40,35;619
Equatorial Guinea;2023;294;2,39;4.823;39,09;2.610
Greece;2023;-3.290;-1,4;402.277;164,3;38.678
Guatemala;2023;-1.306;-1,25;28.393;27,21;1.566
Guinea-Bissau;2023;-163;-8,15;1.592;79,39;739
Guyana;2023;-979;-5,78;4.509;26,65;5.456
Hong Kong;2023;-21.954;-5,65;24.590;6,33;3.266
Honduras;2023;-675;-1,96;16.440;47,85;1.569
Croatia;2023;-668;-0,8;52.199;60,9;13.516
Haiti;2023;150;0,77;5.580;28,46;479
Hungary;2023;-14.448;-6,8;156.219;73,2;16.299
Indonesia;2023;-22.512;-1,64;543.001;39,6;1.948
Ireland;2023;8.652;1,4;238.728;41,8;44.608
Israel;2023;-25.960;-5,06;314.860;61,33;31.982
India;2023;-288.024;-7,92;2.955.574;81,23;2.055
Iraq;2023;-3.089;-1,14;113.948;42,08;2.528
Iran;2022;-10.640;-2,83;138.934;36,93;1.636
Iceland;2023;-721;-2,3;19.498;61,55;50.833
Jamaica;2023;8;0,04;14.333;73,36;5.047
Jordan;2023;-3.523;-6,89;45.542;89,02;4.017
Kenya;2023;-6.182;-5,71;79.429;73,41;1.435
Kyrgyzstan;2023;241;1,59;6.371;41,95;897
Cambodia;2023;-1.199;-2,83;11.143;26,28;655
Kiribati;2023;1;0,13;33;11,42;266
Comoros;2023;-18;-1,34;381;28,71;448
Saint Kitts and Nevis;2023;-3;-0,28;591;55,72;12.631
South Korea;2023;-12.346;-0,67;932.339;50,54;18.029
Kuwait;2023;46.669;28,22;5.183;3,13;1.055
Kazakhstan;2023;-3.987;-1,52;60.176;22,98;3.024
Laos;2023;-2;-0,01;17.493;116,54;2.282
Lebanon;2021;-527;-2,67;70.858;358,19;12.669
Saint Lucia;2023;-64;-2,62;1.837;74,85;10.260
Liechtenstein;2023;362;4,37;39;0,47;973
Sri Lanka;2023;-6.969;-8,32;92.410;110,38;4.193
Liberia;2023;-309;-7,03;2.539;57,82;462
Lesotho;2023;162;7,32;1.361;61,51;584
Lithuania;2023;-549;-0,7;29.806;37,1;10.328
Luxembourg;2023;-692;-0,7;21.921;24,7;32.619
Latvia;2023;-1.439;-2,4;19.013;44,4;10.157
Libya;2023;3.612;8,22;16.164;36,39;2.583
Morocco;2023;-6.436;-4,41;100.348;68,71;2.710
Moldova;2023;-857;-5,13;5.840;34,95;2.410
Montenegro;2023;65;0,86;4.555;59,57;7.303
Madagascar;2023;-666;-4,2;8.357;52,66;268
Marshall Islands;2023;2;0,69;48;18,67;1.200
North Macedonia;2023;-728;-4,61;8.016;50,83;4.390
Mali;2023;-757;-3,57;10.990;51,88;462
Myanmar;2020;-4.309;-6,57;31.975;48,72;595
Mongolia;2023;555;2,73;9.488;46,71;2.707
Mauritania;2023;-263;-2,45;5.053;47,12;1.006
Malta;2023;-1.051;-4,4;10.589;47;18.793
Mauritius;2023;-664;-4,2;12.068;76,43;9.570
Maldives;2023;-871;-13,17;8.091;122,39;15.383
Malawi;2023;-1.054;-7,84;11.651;86,7;513
Mexico;2023;-77.119;-4,29;946.602;52,64;7.219
Malaysia;2023;-15.880;-3,97;278.792;69,71;8.433
Mozambique;2023;-891;-4,26;23.876;114,13;710
Namibia;2023;-390;-3,14;8.329;67,16;2.845
Niger;2023;-903;-5,37;8.709;51,81;322
Nigeria;2023;-15.228;-3,13;177.081;36,34;777
Nicaragua;2023;411;2,31;7.534;42,3;1.100
Netherlands;2023;-4.215;-0,4;521.568;45,8;29.068
Norway;2023;80.030;16,5;213.124;44,13;38.399
Nepal;2023;-2.387;-5,83;19.277;47,12;649
Nauru;2023;30;19,39;31;20,47;2.617
New Zealand;2023;-8.978;-3,54;119.072;46,92;22.903
Oman;2023;7.272;6,87;39.698;37,49;7.685
Panama;2023;-3.271;-3,9;42.937;51,23;9.642
Peru;2023;-7.552;-2,78;88.141;32,43;2.604
Papua New Guinea;2022;-1.663;-5,25;15.253;48,19;1.495
Philippines;2023;-19.129;-4,38;246.868;56,48;2.206
Pakistan;2023;-26.012;-7,7;264.223;78,23;1.142
Poland;2023;-42.865;-5,2;402.577;49,5;10.993
State of Palestine;2023;-170;-0,95;8.657;48,5;1.579
Palau;2023;3;1,02;211;76,77;11.722
Paraguay;2023;-1.643;-3,81;17.704;41,06;2.603
Taste;2023;11.843;5,56;93.022;43,67;30.370
Romania;2023;-19.680;-6,7;182.940;49,3;9.594
Serbia;2023;-985;-1,21;37.147;45,67;5.624
Russia;2023;-45.655;-2,22;400.995;19,47;2.741
Rwanda;2023;-722;-5,04;9.089;63,42;651
Saudi Arabia;2023;-21.576;-1,77;280.075;22,98;8.310
Solomon Islands;2022;-39;-2,51;243;15,51;311
Seychelles;2023;-25;-1,15;1.209;55,29;12.092
Sudan;2021;-101;-0,29;66.641;189,64;1.386
Sweden;2023;-3.649;-0,9;184.201;32;17.457
Singapore;2023;17.828;3,47;888.318;172,8;150.104
Slovenia;2023;-1.792;-2,6;47.307;68,3;22.273
Slovakia;2023;-6.901;-5,3;74.517;55,8;13.737
Sierra Leone;2023;-319;-4,99;3.165;49,47;374
San Marino;2022;7;0,42;1.293;70,56;38.250
Senegal;2023;-4.533;-14,77;36.342;118,38;2.001
Suriname;2023;-58;-1,68;3.384;98,23;5.313
South Sudan;2023;595;8,04;3.842;51,91;335
Sao Tome and Principe;2023;-15;-2,13;510;73,23;2.208
El Salvador;2023;-1.587;-4,69;28.806;85,09;4.565
Syria;2009;-1.560;-2,89;16.835;31,21;798
Eswatini;2023;46;0,92;1.843;37,34;1.498
Chad;2023;-234;-1,26;6.007;32,23;311
Togo;2023;-611;-6,73;6.230;68,6;668
Thailand;2023;-10.140;-1,98;319.854;62,32;4.557
Tajikistan;2023;-114;-0,93;3.654;29,95;352
East Timor;2023;-722;-34,73;259;12,45;188
Turkmenistan;2023;69;0,11;3.429;5,46;526
Tunisia;2023;-3.411;-7,03;40.781;84,01;3.343
Tonga;2023;32;6,14;225;43,95;2.152
Türkiye;2023;-60.155;-5,22;330.687;28,67;3.873
Trinidad and Tobago;2023;-304;-1,16;15.571;59,32;11.386
Tuvalu;2023;8;15,34;3;6,67;336
Taiwan;2023;-18.908;-2,5;219.962;29,04;9.392
Tanzania;2023;-2.874;-3,67;37.463;47,8;562
Ukraine;2023;-35.052;-19,34;147.174;81,21;3.900
Uganda;2023;-2.534;-4,87;26.269;50,51;581
Uruguay;2023;-2.445;-3,14;49.920;64;14.279
Uzbekistan;2023;-4.138;-4,03;33.029;32,18;917
Saint Vincent and the Grenadines;2023;-128;-11,96;955;89,43;9.426
Venezuela;2017;-26.649;-13,27;30.110;133,61;985
Viet Nam;2023;-7.439;-1,72;148.334;34,26;1.479
Vanuatu;2023;-11;-0,95;470;41,78;1.467
Samoa;2023;28;3,01;332;35,43;1.591
Yemen;2023;-1.094;-5,63;15.114;77,86;384
South Africa;2023;-20.737;-5,45;279.214;73,36;4.490
Zambia;2023;-1.511;-5,48;35.592;129,06;1.730
Zimbabwe;2023;-2.637;-3,9;51.431;76,13;3.147
Spain;2020;-129.192;-9,91;1.535.921;119,3;32.404
Germany;2020;-172.483;-4,4;2.679.454;68;32.222
United Kingdom;2020;-355.499;-13,17;2.856.312;105,84;42.580
France;2020;-236.276;-8,9;3.040.206;114,9;44.888
Italy;2020;-178.756;-9,4;2.942.399;154,4;49.672
Portugal;2020;-13.198;-5,8;307.664;134,1;29.599
United States;2020;-3.018.448;-14,12;28.325.036;132,51;85.495
Japan;2020;-458.661;-9,08;13.058.141;258,37;103.760
China;2020;-1.444.362;-9,56;10.426.657;69,04;7.384
Andorra;2020;-31;-1,07;1.337;46,35;17.139
United Arab Emirates;2020;-8.626;-2,42;107.570;30,12;11.580
Afghanistan;2020;-452;-2,24;1.476;7,33;38
Antigua and Barbuda;2020;-88;-6,23;1.419;100,47;14.476
Albania;2020;-1.018;-6,67;11.511;75,38;4.068
Armenia;2020;-683;-5,4;8.504;67,27;2.870
Angola;2020;-1.103;-1,66;79.257;119,15;2.371
Argentina;2020;-33.414;-8,67;399.917;103,82;8.849
Austria;2020;-35.611;-8,2;361.056;83,2;40.420
Australia;2020;-118.961;-8,73;777.772;57,08;30.345
Azerbaijan;2020;-2.749;-6,44;9.105;21,33;900
Bosnia and Herzegovina;2020;-912;-4,5;7.548;37,25;2.165
Barbados;2020;-215;-4,47;6.635;138,17;23.038
Bangladesh;2020;-18.099;-4,84;129.031;34,51;783
Belgium;2020;-47.817;-9;588.787;111,4;50.956
Burkina Faso;2020;-920;-5,16;7.784;43,64;362
Bulgaria;2020;-2.061;-3,8;16.050;24,5;2.457
Bahrain;2020;-6.202;-17,31;45.048;125,7;30.603
Burundi;2020;-203;-6,58;2.036;65,9;161
Benin;2020;-734;-4,68;7.232;46,14;553
Brunei;2020;-1.894;-15,77;343;2,86;776
Bolivia;2020;-4.694;-12,72;28.769;77,97;2.474
Brazil;2020;-171.771;-11,64;1.417.149;96,01;6.775
Bahamas;2020;-839;-7,38;8.484;74,67;21.810
Bhutan;2020;-47;-1,81;2.972;114,94;3.860
Botswana;2020;-1.710;-10,87;3.699;23,51;1.453
Belarus;2020;-1.760;-2,87;29.119;47,49;3.104
Belize;2020;-175;-8,57;2.109;103,04;5.366
Canada;2020;-181.282;-10,95;1.954.794;118,07;51.403
Democratic Republic of the Congo;2020;-1.647;-3,17;12.301;23,7;135
Central African Republic;2020;-80;-3,24;1.061;42,77;214
Republic of Congo;2020;-127;-1,11;11.774;102,51;2.065
Switzerland;2020;-22.344;-2,7;320.237;43,2;36.935
Côte d'Ivoire;2020;-3.420;-5,42;29.234;46,32;1.023
Chile;2020;-18.026;-7,1;82.265;32,38;4.228
Cameroon;2020;-1.303;-3,19;18.330;44,86;699
Colombia;2020;-19.262;-7,13;176.468;65,27;3.501
Costa Rica;2020;-5.227;-8,38;41.741;66,91;8.140
Cape Verde;2020;-170;-9,29;2.639;144,28;5.257
Cyprus;2020;-1.423;-5,6;29.008;113,6;31.721
Czechia;2020;-14.187;-5,6;92.617;36,9;8.825
Djibouti;2020;-81;-2,58;1.322;42,06;1.338
Denmark;2020;1.289;0,4;164.580;45,2;28.181
Dominica;2020;-40;-7,53;595;112,46;8.812
Dominican Republic;2020;-6.240;-7,94;56.462;71,81;5.404
Algeria;2020;-17.331;-10,52;75.742;45,97;1.727
Ecuador;2020;-7.071;-7,38;60.923;63,55;3.476
Estonia;2020;-1.724;-5,4;6.072;19,1;4.565
Egypt;2020;-28.569;-7,47;329.823;86,22;3.279
Eritrea;2020;-92;-4,36;3.794;179,66;1.153
Ethiopia;2020;-2.671;-2,76;51.877;53,7;520
Finland;2020;-14.930;-5,5;203.185;75,3;36.717
Fiji;2020;-391;-8,07;3.083;63,63;3.422
Federated States of Micronesia;2020;24;6,42;80;21,48;825
Gabon;2020;-336;-2,19;12.758;83,04;5.493
Grenade;2020;-47;-4,55;933;89,49;8.260
Georgia;2020;-1.466;-9,16;9.537;59,56;2.558
Ghana;2020;-12.211;-17,44;55.369;79,09;1.736
Gambia;2020;-43;-2,37;1.554;85,89;642
Guinea;2020;-434;-3,08;6.376;45,26;477
Equatorial Guinea;2020;-175;-1,77;4.893;49,39;2.851
Greece;2020;-19.766;-9,6;401.399;209,4;37.589
Guatemala;2020;-3.816;-4,91;24.475;31,49;1.410
Guinea-Bissau;2020;-147;-9,64;1.182;77,59;587
Guyana;2020;-426;-7,78;3.254;59,49;4.135
Hong Kong;2020;-32.466;-9,23;3.508;1;472
Honduras;2020;-1.070;-4,58;12.247;52,45;1.232
Croatia;2020;-4.190;-7,2;50.082;86,5;12.864
Haiti;2020;-306;-2,11;3.238;22,32;288
Hungary;2020;-11.864;-7,5;124.693;78,7;12.920
Indonesia;2020;-64.336;-6,08;420.944;39,75;1.558
Ireland;2020;-21.208;-4,9;248.665;56,9;49.076
Israel;2020;-43.967;-10,7;292.043;71,07;31.696
India;2020;-344.104;-12,86;2.365.281;88,43;1.686
Iraq;2020;-23.398;-12,82;132.286;72,46;3.141
Iran;2020;-10.198;-5,22;94.523;48,34;1.125
Iceland;2020;-1.924;-8,8;16.766;76,09;45.462
Jamaica;2020;-427;-3,11;15.090;109,69;5.513
Jordan;2020;-4.423;-10,11;45.718;104,47;4.183
Kenya;2020;-8.209;-8,13;68.585;67,96;1.313
Kyrgyzstan;2020;-254;-3,06;5.272;63,64;809
Cambodia;2020;-882;-2,53;8.804;25,23;539
Kiribati;2020;8;3,57;46;20,98;389
Comoros;2020;-6;-0,52;296;24,32;367
Saint Kitts and Nevis;2020;-27;-3,06;601;67,98;11.778
South Korea;2020;-36.727;-2,11;800.967;45,92;15.452
Kuwait;2020;157;0,14;11.361;10,23;2.620
Kazakhstan;2020;-12.039;-7,04;45.092;26,36;2.404
Laos;2020;-993;-5,37;14.063;75,97;1.921
Lebanon;2020;-1.840;-7,37;37.142;148,71;6.559
Saint Lucia;2020;-182;-11,44;1.511;94,98;8.489
Liechtenstein;2020;474;7,39;34;0,53;873
Sri Lanka;2020;-11.261;-13,36;81.675;96,88;3.726
Liberia;2020;-122;-4,02;1.782;58,67;346
Lesotho;2020;25;1,18;1.144;54,69;508
Lithuania;2020;-3.681;-6,4;26.319;45,9;9.364
Luxembourg;2020;-2.277;-3,1;18.059;24,5;28.451
Latvia;2020;-1.283;-4,1;14.688;44;7.758
Libya;2020;-10.445;-22,27;16.164;36,39;2.583
Morocco;2020;-8.673;-7,15;87.672;72,25;2.439
Moldova;2020;-613;-5,32;4.224;36,63;1.598
Montenegro;2020;-520;-11,01;5.127;108,4;8.260
Madagascar;2020;-516;-3,96;6.900;52,87;238
Marshall Islands;2020;6;2,54;52;21,67;1.182
North Macedonia;2020;-997;-8,05;6.297;50,85;3.044
Mali;2020;-948;-5,42;8.279;47,33;381
Myanmar;2020;-4.309;-6,57;31.975;48,72;595
Mongolia;2020;-1.230;-9,24;11.102;83,39;3.306
Mauritania;2020;236;2,78;4.781;56,49;1.039
Malta;2020;-1.430;-8,7;7.968;48,8;15.439
Mauritius;2020;-1.212;-9,14;10.658;80,4;8.419
Maldives;2020;-878;-23,7;5.769;155,67;15.262
Malawi;2020;-952;-8,03;6.381;53,86;306
Mexico;2020;-48.095;-4,29;655.334;58,46;5.111
Malaysia;2020;-16.541;-4,9;228.434;67,69;7.040
Mozambique;2020;-881;-6,19;17.077;119,97;555
Namibia;2020;-854;-8,07;6.805;64,3;2.531
Niger;2020;-663;-4,82;6.190;44,97;256
Nigeria;2020;-24.103;-4,03;154.008;25,72;720
Nicaragua;2020;-327;-2,57;6.258;49,16;946
Netherlands;2020;-34.634;-3,7;497.739;53,4;28.482
Norway;2020;-9.410;-2,6;169.208;46,03;31.385
Nepal;2020;-1.793;-5,36;14.479;43,31;500
Nauru;2020;54;42,81;71;56,27;5.880
New Zealand;2020;-9.150;-4,35;91.041;43,24;17.964
Oman;2020;-11.899;-15,67;51.545;67,9;11.596
Panama;2020;-5.822;-10,2;35.104;61,52;8.204
Peru;2020;-17.138;-8,16;72.002;34,29;2.207
Papua New Guinea;2020;-2.111;-8,85;11.609;48,68;1.034
Philippines;2020;-20.061;-5,55;186.821;51,64;1.711
Pakistan;2020;-21.124;-7,03;242.746;80,81;1.112
Poland;2020;-41.525;-6,9;342.863;56,6;9.248
State of Palestine;2020;-1.145;-7,37;7.313;47,08;1.434
Palau;2020;-34;-13,02;135;52,08;7.500
Paraguay;2020;-2.026;-5,72;13.074;36,9;1.993
Taste;2020;-3.081;-2,13;104.863;72,61;37.002
Romania;2020;-24.082;-9,3;124.318;46,9;6.474
Serbia;2020;-3.863;-6,91;30.354;54,33;4.417
Russia;2020;-59.357;-3,99;285.066;19,16;1.930
Rwanda;2020;-971;-9,54;6.991;68,71;552
Saudi Arabia;2020;-78.419;-10,22;227.604;29,66;7.213
Solomon Islands;2020;-37;-2,44;197;12,84;265
Seychelles;2020;-218;-15,75;1.071;77,37;11.039
Sudan;2020;-2.126;-6,03;98.077;278,33;2.096
Sweden;2020;-17.308;-3,2;218.817;40,4;21.082
Singapore;2020;-23.999;-6,73;528.183;148,21;92.892
Slovenia;2020;-4.095;-7,7;42.764;80,2;20.277
Slovakia;2020;-5.701;-5,3;62.874;58,4;11.516
Sierra Leone;2020;-234;-3,5;3.098;46,37;392
San Marino;2020;-580;-37,59;1.077;69,79;30.954
Senegal;2020;-2.364;-9,64;22.137;90,23;1.322
Suriname;2020;-348;-11,95;4.264;146,44;7.002
South Sudan;2020;-298;-5,5;2.656;48,98;248
Sao Tome and Principe;2020;14;2,94;433;90,96;1.991
El Salvador;2020;-2.038;-8,18;23.766;95,37;3.812
Syria;2009;-1.560;-2,89;16.835;31,21;798
Eswatini;2020;-184;-4,51;1.576;38,65;1.321
Chad;2020;183;1,24;6.180;41,72;376
Togo;2020;-522;-7,05;4.604;62,21;531
Thailand;2020;-22.680;-4,47;250.792;49,42;3.593
Tajikistan;2020;-353;-4,34;4.143;50,94;425
East Timor;2020;-409;-18,9;218;10,09;166
Turkmenistan;2020;-72;-0,16;6.981;15,36;1.117
Tunisia;2020;-3.849;-9,06;33.021;77,71;2.758
Tonga;2020;26;5,25;214;42,55;2.138
Türkiye;2020;-33.856;-4,64;282.872;38,73;3.383
Trinidad and Tobago;2020;-2.549;-11,78;13.052;60,3;9.329
Tuvalu;2020;7;13,69;6;12,1;628
Taiwan;2020;-19.703;-2,91;216.313;31,96;9.181
Tanzania;2020;-1.621;-2,56;26.154;41,27;429
Ukraine;2020;-9.266;-5,92;94.731;60,51;2.287
Uganda;2020;-2.940;-7,76;17.559;46,35;426
Uruguay;2020;-2.483;-4,64;36.536;68,22;10.409
Uzbekistan;2020;-1.960;-2,95;22.373;33,67;660
Saint Vincent and the Grenadines;2020;-51;-5,92;692;80,16;6.238
Venezuela;2017;-26.649;-13,27;30.110;133,61;985
Viet Nam;2020;-9.909;-2,86;143.092;41,32;1.466
Vanuatu;2020;-20;-1,95;484;48,03;1.603
Samoa;2020;47;5,41;375;43,19;1.857
Yemen;2020;-870;-4,3;17.591;87;487
South Africa;2020;-32.508;-9,62;232.888;68,93;3.881
Zambia;2020;-2.496;-13,76;25.393;140;1.342
Zimbabwe;2020;-3;-0,34;466;56,81;30
Spain;2017;-40.912;-3,07;1.336.407;101,2;28.642
Germany;2017;50.333;1,3;2.408.516;64;29.091
United Kingdom;2017;-66.821;-2,4;2.326.239;86,3;35.101
France;2017;-87.082;-3,4;2.554.888;98,8;38.118
Italy;2017;-49.425;-2,5;2.634.732;133,7;43.958
Portugal;2017;-6.628;-3;278.254;126;26.921
United States;2017;-940.242;-4,79;20.862.187;106,37;64.136
Japan;2017;-152.797;-3,1;11.406.050;231,32;89.991
China;2017;-417.447;-3,34;6.739.685;53,9;4.814
Andorra;2017;100;3,34;1.133;37,85;15.142
United Arab Emirates;2017;-642;-0,16;85.381;21,17;9.166
Afghanistan;2017;-127;-0,67;1.510;8;42
Antigua and Barbuda;2017;-42;-2,72;1.353;88,18;14.399
Albania;2017;-183;-1,41;9.384;71,9;3.269
Armenia;2017;-552;-4,79;6.696;58,09;2.253
Angola;2017;-8.037;-5,75;84.589;60,49;2.800
Argentina;2017;-43.096;-6,69;367.180;57,03;8.336
Austria;2017;-3.217;-0,8;327.913;79,1;37.169
Australia;2017;-23.728;-1,72;568.954;41,2;22.980
Azerbaijan;2017;-555;-1,34;9.313;22,51;941
Bosnia and Herzegovina;2017;329;1,79;7.091;38,62;2.026
Barbados;2017;-214;-3,87;7.921;142,85;27.695
Bangladesh;2017;-12.241;-4,17;83.150;28,31;521
Belgium;2017;-3.821;-0,8;513.178;102,6;45.021
Burkina Faso;2017;-975;-6,92;4.776;33,89;240
Bulgaria;2017;488;1,6;13.588;25,1;2.011
Bahrain;2017;-4.976;-13,38;31.263;84,03;20.828
Burundi;2017;-159;-5,01;1.488;46,9;129
Benin;2017;-534;-4,18;5.028;39,38;418
Brunei;2017;-1.261;-10,4;343;2,83;804
Bolivia;2017;-2.968;-7,86;19.367;51,26;1.737
Brazil;2017;-164.456;-7,97;1.707.458;82,75;8.320
Bahamas;2017;-736;-6,09;6.650;55,03;17.639
Bhutan;2017;-111;-4,49;2.562;104,08;3.403
Botswana;2017;-186;-1,14;3.189;19,59;1.327
Belarus;2017;-184;-0,34;29.091;53,16;3.065
Belize;2017;-79;-3,48;1.770;78,12;4.771
Canada;2017;-1.854;-0,11;1.499.880;90,94;41.042
Democratic Republic of the Congo;2017;-21;-0,05;9.147;23,18;111
Central African Republic;2017;-22;-1;1.041;47,38;219
Republic of Congo;2017;-659;-5,57;10.467;88,48;1.970
Switzerland;2017;7.858;0,9;290.396;41,75;34.228
Côte d'Ivoire;2017;-1.719;-3,27;17.116;32,6;652
Chile;2017;-7.261;-2,63;65.363;23,65;3.549
Cameroon;2017;-1.705;-4,73;13.185;36,54;546
Colombia;2017;-7.783;-2,5;154.225;49,45;3.252
Costa Rica;2017;-3.558;-5,88;28.482;47,06;5.735
Cape Verde;2017;-53;-2,64;2.256;112,99;4.549
Cyprus;2017;488;2,1;22.107;96,5;25.161
Czechia;2017;3.236;1,5;74.848;33,8;7.054
Djibouti;2017;-6;-0,21;1.326;47,99;1.405
Denmark;2017;5.601;1,7;133.150;40,2;23.032
Dominica;2017;-17;-3,27;453;84,01;6.609
Dominican Republic;2017;-2.473;-3,12;39.165;49,48;3.851
Algeria;2017;-14.340;-7,55;45.630;24,02;1.094
Ecuador;2017;-6.030;-5,77;49.509;47,39;2.948
Estonia;2017;-292;-0,5;2.591;9,4;1.964
Egypt;2017;-24.432;-9,9;241.397;97,8;2.536
Eritrea;2017;-109;-5,74;5.529;290,39;1.755
Ethiopia;2017;-2.492;-3,24;42.476;55,28;455
Finland;2017;-1.597;-0,6;168.953;66,6;30.646
Fiji;2017;-109;-2,09;2.260;43,43;2.554
Federated States of Micronesia;2017;52;14,48;86;23,92;851
Gabon;2017;-254;-1,7;9.391;62,93;4.354
Grenade;2017;34;3,02;792;70,33;7.133
Georgia;2017;-75;-0,45;6.407;38,89;1.718
Ghana;2017;-2.395;-3,97;34.410;56,98;1.147
Gambia;2017;-65;-4,35;1.303;86,98;589
Guinea;2017;-205;-1,99;4.119;39,9;333
Equatorial Guinea;2017;-316;-2,59;4.420;36,24;2.829
Greece;2017;2.113;0,7;365.811;182,1;34.057
Guatemala;2017;-991;-1,38;17.956;25,07;1.084
Guinea-Bissau;2017;-19;-1,32;761;51,78;447
Guyana;2017;-149;-3,14;2.187;46,06;2.811
Hong Kong;2017;19.116;5,49;192;0,06;26
Honduras;2017;-94;-0,41;10.088;43,6;1.069
Croatia;2017;449;0,6;42.783;76,2;10.658
Haiti;2017;-48;-0,32;3.386;22,52;313
Hungary;2017;-3.519;-2,5;103.204;72;10.625
Indonesia;2017;-22.993;-2,26;298.547;29,4;1.142
Ireland;2017;-1.037;-0,3;227.278;65,2;46.806
Israel;2017;-4.044;-1,13;213.790;59,83;24.545
India;2017;-165.114;-6,23;1.847.266;69,67;1.359
Iraq;2017;-2.890;-1,52;106.187;55,87;2.699
Iran;2017;-7.856;-1,61;219.289;45,04;2.705
Iceland;2017;242;1,3;17.741;70,79;50.913
Jamaica;2017;68;0,45;15.199;101,23;5.576
Jordan;2017;-1.505;-3,61;35.876;86,1;3.512
Kenya;2017;-6.062;-7,4;44.151;53,87;972
Kyrgyzstan;2017;-288;-3,73;4.528;58,79;738
Cambodia;2017;-224;-0,76;6.655;22,64;427
Kiribati;2017;76;34,09;45;20,16;397
Comoros;2017;-1;-0,1;204;18,93;268
Saint Kitts and Nevis;2017;18;1,68;594;56,18;12.116
South Korea;2017;35.515;2,08;650.071;38,01;12.657
Kuwait;2017;18.411;15,25;23.679;19,62;5.602
Kazakhstan;2017;-7.115;-4,27;33.143;19,87;1.838
Laos;2017;-940;-5,51;9.755;57,2;1.394
Lebanon;2017;-4.589;-8,65;79.534;149,98;13.019
Saint Lucia;2017;-23;-1,13;1.207;59,92;6.858
Liechtenstein;2017;178;2,74;37;0,56;959
Sri Lanka;2017;-4.811;-5,1;68.196;72,26;3.180
Liberia;2017;-237;-7,14;1.057;31,84;225
Lesotho;2017;-49;-2,02;994;40,99;458
Lithuania;2017;172;0,4;18.781;39,1;6.645
Luxembourg;2017;898;1,4;14.322;21,8;23.790
Latvia;2017;-251;-0,3;11.850;40,3;6.126
Libya;2017;-7.428;-11,06;16.164;36,39;2.583
Morocco;2017;-3.916;-3,3;71.434;60,26;2.050
Moldova;2017;-62;-0,65;3.317;34,86;935
Montenegro;2017;-331;-6,89;3.214;66,93;5.164
Madagascar;2017;-277;-2,1;5.288;40,13;212
Marshall Islands;2017;9;4,38;57;26,53;1.213
North Macedonia;2017;-310;-2,73;4.464;39,38;2.151
Mali;2017;-440;-2,86;5.872;38,23;296
Myanmar;2017;-2.064;-3,42;25.246;41,88;480
Mongolia;2017;-427;-3,72;9.977;86,9;3.139
Mauritania;2017;36;0,53;3.800;55,66;902
Malta;2017;482;3,4;6.449;45,6;13.582
Mauritius;2017;-228;-1,55;8.646;58,71;6.834
Maldives;2017;-145;-3,02;3.066;63,75;8.516
Malawi;2017;-461;-5,15;3.575;39,98;187
Mexico;2017;-12.313;-1,03;625.381;52,52;5.012
Malaysia;2017;-7.696;-2,41;173.581;54,4;5.421
Mozambique;2017;-385;-2,9;13.768;103,79;489
Namibia;2017;-643;-4,99;5.647;43,83;2.284
Niger;2017;-460;-4,12;4.082;36,51;189
Nigeria;2017;-20.347;-3,85;95.274;18,01;476
Nicaragua;2017;-242;-1,76;4.777;34,65;744
Netherlands;2017;11.483;1,4;474.722;56;27.631
Norway;2017;19.916;5;153.434;38,19;28.974
Nepal;2017;-779;-2,69;7.240;24,99;258
Nauru;2017;17;16,17;85;77,97;6.534
New Zealand;2017;2.765;1,36;63.384;31,1;13.164
Oman;2017;-8.458;-10,46;32.430;40,11;7.112
Panama;2017;-1.240;-1,92;21.643;33,56;5.281
Peru;2017;-6.122;-2,79;54.441;24,8;1.758
Papua New Guinea;2017;-563;-2,48;7.388;32,48;761
Philippines;2017;-2.470;-0,75;125.250;38,13;1.202
Pakistan;2017;-17.542;-5,17;210.804;62,14;1.027
Poland;2017;-7.853;-1,5;266.597;50,4;7.020
State of Palestine;2017;-448;-2,78;5.126;31,79;1.083
Palau;2017;14;4,76;78;26,91;4.333
Paraguay;2017;-171;-0,44;7.740;19,85;1.230
Taste;2017;-10.987;-6,82;83.077;51,57;30.487
Romania;2017;-6.013;-2,5;78.122;35,3;3.999
Serbia;2017;605;1,32;25.403;55,26;3.628
Russia;2017;-23.138;-1,47;225.419;14,31;1.526
Rwanda;2017;-233;-2,52;4.223;45,63;358
Saudi Arabia;2017;-63.545;-8,57;118.201;15,95;3.816
Solomon Islands;2017;-33;-2,27;129;8,77;190
Seychelles;2017;-28;-1,67;949;56,65;10.095
Sudan;2017;-2.968;-6,07;73.134;149,54;1.712
Sweden;2017;6.900;1,3;222.788;41,9;22.014
Singapore;2017;18.240;5,24;374.453;107,65;66.724
Slovenia;2017;26;0,1;36.048;74,9;17.441
Slovakia;2017;-945;-1;49.298;51,4;9.057
Sierra Leone;2017;-327;-5,61;2.573;44,18;349
San Marino;2017;-53;-3,49;865;56,59;25.972
Senegal;2017;-623;-2,97;12.833;61,14;832
Suriname;2017;-310;-8,62;2.623;73,03;4.500
South Sudan;2017;114;9,57;2.121;178,27;207
Sao Tome and Principe;2017;-10;-3,11;300;92,3;1.449
El Salvador;2017;-632;-2,53;19.268;77,14;3.101
Syria;2009;-1.560;-2,89;16.835;31,21;798
Eswatini;2017;-305;-6,84;978;21,89;901
Chad;2017;-23;-0,18;5.194;39,18;346
Togo;2017;-13;-0,21;3.646;57,11;453
Thailand;2017;-1.872;-0,42;187.665;41,78;2.712
Tajikistan;2017;-426;-5,65;3.489;46,3;384
East Timor;2017;-535;-33,78;106;6,71;85
Turkmenistan;2017;-1.077;-2,84;9.366;24,7;1.569
Tunisia;2017;-2.364;-5,61;28.293;67,1;2.453
Tonga;2017;16;3,58;206;44,72;2.038
Türkiye;2017;-16.130;-1,87;238.610;27,62;2.953
Trinidad and Tobago;2017;-2.476;-10,45;9.495;40,07;6.861
Tuvalu;2017;1;2,1;5;12,05;485
Taiwan;2017;-11.963;-2,02;203.883;34,46;8.650
Tanzania;2017;-617;-1,14;21.659;40,11;389
Ukraine;2017;-2.641;-2,36;80.261;71,62;1.901
Uganda;2017;-1.209;-3,83;10.626;33,64;282
Uruguay;2017;-1.633;-2,51;36.322;55,82;10.386
Uzbekistan;2017;728;1,04;12.033;17,26;375
Saint Vincent and the Grenadines;2017;-13;-1,56;582;69;5.295
Venezuela;2017;-26.649;-13,27;30.110;133,61;985
Viet Nam;2017;-5.442;-1,96;129.174;46,62;1.379
Vanuatu;2017;-11;-1,2;463;52,63;1.660
Samoa;2017;-17;-1,98;413;46,68;2.096
Yemen;2017;-1.316;-4,91;22.491;83,79;680
South Africa;2017;-15.313;-4,02;185.275;48,59;3.230
Zambia;2017;-1.940;-7,5;17.234;66,61;996
Zimbabwe;2017;-1;-7,37;6;48,98;0
;;;;;;
